City_ID,City,Country,Date,Lat,Lng,Max Temp,Humidity,Cloudiness,Wind Speed,Current Description,Rain inches (last 3hrs),Snow inches (last 3hrs)
0,Punta Arenas,CL,2021-08-02 19:48:22,-53.15,-70.9167,42.91,75,75,21.85,light intensity shower rain,0,0
1,Fairbanks,US,2021-08-02 19:44:42,64.8378,-147.7164,78.03,58,20,0.0,few clouds,0,0
2,Nikolskoye,RU,2021-08-02 19:48:25,59.7035,30.7861,63.39,99,100,3.8,moderate rain,0,0
3,Ostrovnoy,RU,2021-08-02 19:48:26,68.0531,39.5131,56.59,90,87,7.34,overcast clouds,0,0
4,Grand-Santi,GF,2021-08-02 19:48:28,4.25,-54.3833,80.76,80,83,1.39,broken clouds,0,0
5,Micheweni,TZ,2021-08-02 19:48:30,-4.9667,39.8333,74.23,82,92,11.32,overcast clouds,0,0
6,Puerto Ayora,EC,2021-08-02 19:48:31,-0.7393,-90.3518,80.56,82,78,11.92,broken clouds,0,0
7,Puerto Escondido,MX,2021-08-02 19:48:33,15.85,-97.0667,89.11,59,96,8.46,overcast clouds,0,0
8,Saint George,US,2021-08-02 19:46:29,37.1041,-113.5841,100.8,26,1,1.01,clear sky,0,0
9,Qaanaaq,GL,2021-08-02 19:48:35,77.484,-69.3632,45.46,65,100,4.92,overcast clouds,0,0
10,Cervo,ES,2021-08-02 19:48:36,43.6702,-7.4101,64.2,81,38,4.25,scattered clouds,0,0
11,Port Elizabeth,ZA,2021-08-02 19:48:37,-33.918,25.5701,57.49,77,75,16.11,broken clouds,0,0
12,Tateyama,JP,2021-08-02 19:48:38,34.9833,139.8667,80.62,86,84,10.6,broken clouds,0,0
13,Hole Narsipur,IN,2021-08-02 19:48:40,12.7828,76.2431,67.05,88,100,8.79,overcast clouds,0,0
14,Tasiilaq,GL,2021-08-02 19:48:42,65.6145,-37.6368,46.56,82,100,2.46,overcast clouds,0,0
15,Ponta Do Sol,PT,2021-08-02 19:48:44,32.6667,-17.1,76.01,72,13,6.26,few clouds,0,0
16,Butaritari,KI,2021-08-02 19:48:45,3.0707,172.7902,82.26,73,24,6.33,light rain,0,0
17,Rikitea,PF,2021-08-02 19:44:31,-23.1203,-134.9692,68.81,54,69,20.45,broken clouds,0,0
18,Carnarvon,AU,2021-08-02 19:48:48,-24.8667,113.6333,48.27,45,0,11.5,clear sky,0,0
19,Castro,BR,2021-08-02 19:48:50,-24.7911,-50.0119,59.94,69,0,5.48,clear sky,0,0
20,Latung,PH,2021-08-02 19:48:51,5.5,120.8833,83.59,75,81,6.51,broken clouds,0,0
21,Fuxin,CN,2021-08-02 19:48:52,42.0156,121.6589,65.23,92,18,3.69,few clouds,0,0
22,Saldanha,ZA,2021-08-02 19:48:54,-33.0117,17.9442,55.45,77,0,7.29,clear sky,0,0
23,Albany,US,2021-08-02 19:47:48,42.6001,-73.9662,79.03,50,21,1.01,few clouds,0,0
24,Longyearbyen,SJ,2021-08-02 19:45:18,78.2186,15.6401,46.24,76,75,16.11,broken clouds,0,0
25,Airai,TL,2021-08-02 19:48:57,-8.9266,125.4092,55.67,79,43,3.56,scattered clouds,0,0
26,Kapaa,US,2021-08-02 19:48:59,22.0752,-159.319,82.38,77,20,3.0,few clouds,0,0
27,Waipawa,NZ,2021-08-02 19:49:01,-41.4122,175.5153,48.83,87,100,9.1,overcast clouds,0,0
28,Tukrah,LY,2021-08-02 19:49:03,32.5341,20.5791,83.08,66,0,10.98,clear sky,0,0
29,Mataura,NZ,2021-08-02 19:49:04,-46.1927,168.8643,42.48,98,100,2.59,overcast clouds,0,0
30,Hobart,AU,2021-08-02 19:47:42,-42.8794,147.3294,44.28,87,98,3.44,moderate rain,0,0
31,Klaksvik,FO,2021-08-02 19:49:07,62.2266,-6.589,50.92,85,100,11.23,overcast clouds,0,0
32,Broome,US,2021-08-02 19:49:10,42.2506,-75.833,75.0,53,20,1.99,few clouds,0,0
33,Upington,ZA,2021-08-02 19:49:13,-28.4478,21.2561,55.78,28,0,4.61,clear sky,0,0
34,Barrow,US,2021-08-02 19:49:16,71.2906,-156.7887,42.82,87,90,14.97,mist,0,0
35,Roma,US,2021-08-02 19:45:56,43.2128,-75.4557,75.38,47,20,12.66,few clouds,0,0
36,Kahului,US,2021-08-02 19:48:07,20.8947,-156.47,80.83,73,40,17.27,scattered clouds,0,0
37,Raga,SS,2021-08-02 19:49:19,8.4596,25.678,69.48,91,15,4.7,few clouds,0,0
38,Santa Rosa,PH,2021-08-02 19:49:21,14.3122,121.1114,82.9,88,100,16.11,overcast clouds,0,0
39,Bubaque,GW,2021-08-02 19:49:22,11.2833,-15.8333,79.12,82,98,19.13,overcast clouds,0,0
40,Billings,US,2021-08-02 19:47:03,45.7833,-108.5007,94.37,24,20,6.91,haze,0,0
41,Foumban,CM,2021-08-02 19:49:24,5.7291,10.9001,64.94,95,100,2.1,light rain,0,0
42,Taoudenni,ML,2021-08-02 19:49:26,22.6783,-3.9836,97.68,26,100,3.76,overcast clouds,0,0
43,Hasaki,JP,2021-08-02 19:49:27,35.7333,140.8333,77.4,91,100,10.6,overcast clouds,0,0
44,Dalvik,IS,2021-08-02 19:49:29,65.9702,-18.5286,57.13,91,100,1.25,overcast clouds,0,0
45,Okha,RU,2021-08-02 19:49:32,53.5739,142.9478,54.91,86,100,11.97,overcast clouds,0,0
46,Salamanca,ES,2021-08-02 19:49:37,40.8333,-6.0,73.18,35,5,7.02,clear sky,0,0
47,Port Alfred,ZA,2021-08-02 19:49:39,-33.5906,26.891,58.41,78,56,19.39,broken clouds,0,0
48,Saint Anthony,US,2021-08-02 19:49:41,45.0205,-93.218,83.95,40,75,4.61,broken clouds,0,0
49,Victoria,HK,2021-08-02 19:46:45,22.2855,114.1577,86.32,85,100,1.01,overcast clouds,0,0
50,East London,ZA,2021-08-02 19:49:43,-33.0153,27.9116,60.15,74,98,15.73,overcast clouds,0,0
51,Ixtapa,MX,2021-08-02 19:49:45,20.7,-105.2,89.22,70,16,5.01,few clouds,0,0
52,Busselton,AU,2021-08-02 19:49:46,-33.65,115.3333,45.09,76,100,7.34,overcast clouds,0,0
53,Saskylakh,RU,2021-08-02 19:49:48,71.9167,114.0833,60.94,75,25,5.91,scattered clouds,0,0
54,Hami,CN,2021-08-02 19:49:50,42.8,93.45,78.96,21,1,6.38,clear sky,0,0
55,Riyadh,SA,2021-08-02 19:44:55,24.6877,46.7219,95.14,8,20,10.76,few clouds,0,0
56,Cape Town,ZA,2021-08-02 19:46:00,-33.9258,18.4232,58.12,83,0,2.3,clear sky,0,0
57,Long Beach,US,2021-08-02 19:45:18,33.767,-118.1892,106.18,57,1,6.91,clear sky,0,0
58,Kelo,TD,2021-08-02 19:49:56,9.3086,15.8066,75.45,84,72,6.02,broken clouds,0,0
59,Tuktoyaktuk,CA,2021-08-02 19:49:57,69.4541,-133.0374,51.8,87,90,12.66,overcast clouds,0,0
60,Noumea,NC,2021-08-02 19:49:59,-22.2763,166.4572,66.0,99,0,4.05,clear sky,0,0
61,Corrientes,AR,2021-08-02 19:50:00,-27.4806,-58.8341,73.98,41,0,1.99,clear sky,0,0
62,Upernavik,GL,2021-08-02 19:50:02,72.7868,-56.1549,46.62,68,12,2.17,few clouds,0,0
63,Hilo,US,2021-08-02 19:50:04,19.7297,-155.09,78.24,89,90,4.61,moderate rain,0,0
64,Koumac,NC,2021-08-02 19:50:11,-20.5667,164.2833,62.73,70,5,4.52,clear sky,0,0
65,Katsuura,JP,2021-08-02 19:50:13,35.1333,140.3,80.71,89,36,9.84,scattered clouds,0,0
66,Chuy,UY,2021-08-02 19:50:16,-33.6971,-53.4616,55.09,85,33,7.18,scattered clouds,0,0
67,Hermanus,ZA,2021-08-02 19:50:18,-34.4187,19.2345,57.9,91,4,10.27,clear sky,0,0
68,Sao Joao Da Barra,BR,2021-08-02 19:50:19,-21.6403,-41.0511,75.29,73,0,11.61,clear sky,0,0
69,Kaitangata,NZ,2021-08-02 19:50:20,-46.2817,169.8464,45.93,63,100,11.12,overcast clouds,0,0
70,Vaini,TO,2021-08-02 19:50:22,-21.2,-175.2,66.36,82,20,8.05,few clouds,0,0
71,Dikson,RU,2021-08-02 19:50:23,73.5069,80.5464,49.42,77,100,11.14,overcast clouds,0,0
72,Acapulco,MX,2021-08-02 19:50:25,16.8634,-99.8901,88.12,66,51,7.16,broken clouds,0,0
73,Progreso,MX,2021-08-02 19:50:27,21.2833,-89.6667,86.65,63,79,16.8,broken clouds,0,0
74,Pisco,PE,2021-08-02 19:48:30,-13.7,-76.2167,66.25,72,40,10.36,scattered clouds,0,0
75,Pevek,RU,2021-08-02 19:50:31,69.7008,170.3133,33.82,86,100,22.62,overcast clouds,0,0
76,Codrington,AU,2021-08-02 19:50:33,-38.2667,141.9667,41.74,94,100,9.8,light rain,0,0
77,Ancud,CL,2021-08-02 19:50:35,-41.8697,-73.8203,56.73,97,100,4.36,overcast clouds,0,0
78,Kodiak,US,2021-08-02 19:50:36,57.79,-152.4072,53.11,94,90,9.22,mist,0,0
79,Paramonga,PE,2021-08-02 19:50:38,-10.6667,-77.8333,67.73,73,12,11.41,few clouds,0,0
80,Ereymentau,KZ,2021-08-02 19:50:40,51.6199,73.1033,68.23,54,82,4.36,broken clouds,0,0
81,Cidreira,BR,2021-08-02 19:50:41,-30.1811,-50.2056,58.33,73,0,7.34,clear sky,0,0
82,Maldonado,UY,2021-08-02 19:48:28,-34.6667,-54.9167,51.19,77,40,4.54,scattered clouds,0,0
83,Aklavik,CA,2021-08-02 19:50:45,68.2191,-135.0107,65.23,82,90,3.44,overcast clouds,0,0
84,Beloha,MG,2021-08-02 19:50:46,-25.1667,45.05,64.04,80,0,5.3,clear sky,0,0
85,Atuona,PF,2021-08-02 19:50:48,-9.8,-139.0333,77.85,74,40,18.23,scattered clouds,0,0
86,Olinda,BR,2021-08-02 19:50:49,-8.0089,-34.8553,74.93,88,75,14.97,broken clouds,0,0
87,Clyde River,CA,2021-08-02 19:50:51,70.4692,-68.5914,43.03,81,1,9.22,clear sky,0,0
88,Saint-Philippe,RE,2021-08-02 19:50:52,-21.3585,55.7679,66.22,70,23,1.63,few clouds,0,0
89,Slonim,BY,2021-08-02 19:50:53,53.0867,25.3219,56.7,95,80,6.46,broken clouds,0,0
90,Haines Junction,CA,2021-08-02 19:50:55,60.7522,-137.5108,69.75,49,88,2.3,overcast clouds,0,0
91,New Norfolk,AU,2021-08-02 19:50:56,-42.7826,147.0587,43.92,80,100,2.8,light rain,0,0
92,Okhotsk,RU,2021-08-02 19:50:57,59.3833,143.3,55.89,74,100,7.14,overcast clouds,0,0
93,Wanning,CN,2021-08-02 19:50:59,18.8003,110.3967,80.67,85,75,10.38,broken clouds,0,0
94,Chokurdakh,RU,2021-08-02 19:51:00,70.6333,147.9167,42.84,62,34,8.19,scattered clouds,0,0
95,Tura,IN,2021-08-02 19:51:02,25.5198,90.2201,73.87,98,99,3.76,light rain,0,0
96,Ushuaia,AR,2021-08-02 19:51:04,-54.8,-68.3,44.26,53,75,21.85,light intensity drizzle,0,0
97,Constitucion,CL,2021-08-02 19:51:05,-35.3333,-72.4167,62.02,56,0,11.9,clear sky,0,0
98,Kantang,TH,2021-08-02 19:51:07,7.4054,99.5156,80.56,81,100,9.33,overcast clouds,0,0
99,Funadhoo,MV,2021-08-02 19:51:08,6.15,73.2667,82.67,72,100,6.29,overcast clouds,0,0
100,Sinnamary,GF,2021-08-02 19:51:10,5.3833,-52.95,80.94,82,60,8.77,broken clouds,0,0
101,Gravdal,NO,2021-08-02 19:51:12,68.1214,13.5031,47.88,93,75,0.0,broken clouds,0,0
102,Vuktyl,RU,2021-08-02 19:51:13,63.8567,57.3094,56.82,96,32,5.14,scattered clouds,0,0
103,Tambacounda,SN,2021-08-02 19:51:15,13.7539,-13.7586,78.85,89,75,6.91,broken clouds,0,0
104,Margate,GB,2021-08-02 19:51:17,51.3813,1.3862,62.04,70,100,1.99,overcast clouds,0,0
105,Nyanguge,TZ,2021-08-02 19:51:18,-2.55,33.2,67.71,56,42,5.66,scattered clouds,0,0
106,Tuy Hoa,VN,2021-08-02 19:51:19,13.0833,109.3,85.21,62,100,13.96,overcast clouds,0,0
107,Bluff,NZ,2021-08-02 19:51:21,-46.6,168.3333,43.81,69,100,11.41,overcast clouds,0,0
108,Gornyak,RU,2021-08-02 19:51:23,50.9942,81.4661,69.66,48,21,5.77,few clouds,0,0
109,Mar Del Plata,AR,2021-08-02 19:51:25,-38.0023,-57.5575,56.88,62,0,11.99,clear sky,0,0
110,Itarema,BR,2021-08-02 19:51:26,-2.9248,-39.9167,81.95,60,6,11.99,clear sky,0,0
111,Avarua,CK,2021-08-02 19:51:27,-21.2078,-159.775,73.45,100,75,9.22,light rain,0,0
112,Thompson,CA,2021-08-02 19:51:29,55.7435,-97.8558,75.36,50,20,8.05,few clouds,0,0
113,Kruisfontein,ZA,2021-08-02 19:51:30,-34.0033,24.7314,53.89,94,0,6.49,clear sky,0,0
114,Bathsheba,BB,2021-08-02 19:51:31,13.2167,-59.5167,86.61,70,20,10.36,few clouds,0,0
115,Ilulissat,GL,2021-08-02 19:51:33,69.2167,-51.1,43.5,77,98,4.92,overcast clouds,0,0
116,Caxito,AO,2021-08-02 19:51:35,-8.5785,13.6643,75.85,88,4,4.03,clear sky,0,0
117,Lebu,CL,2021-08-02 19:51:37,-37.6167,-73.65,55.02,73,40,20.31,scattered clouds,0,0
118,Guerrero Negro,MX,2021-08-02 19:51:38,27.9769,-114.0611,86.02,44,9,11.83,clear sky,0,0
119,Najran,SA,2021-08-02 19:51:39,17.4924,44.1277,86.65,50,100,17.63,overcast clouds,0,0
120,Champoton,MX,2021-08-02 19:51:41,19.35,-90.7167,89.89,57,59,12.08,broken clouds,0,0
121,Jamestown,US,2021-08-02 19:49:59,42.097,-79.2353,72.01,48,40,4.0,scattered clouds,0,0
122,Zonguldak,TR,2021-08-02 19:51:44,41.25,31.8333,65.53,48,0,5.06,clear sky,0,0
123,Leshukonskoye,RU,2021-08-02 19:51:46,64.8989,45.7622,55.11,96,14,3.69,few clouds,0,0
124,Asau,RO,2021-08-02 19:51:48,46.4333,26.4,68.92,89,46,4.09,light rain,0,0
125,Juneau,US,2021-08-02 19:49:08,58.3019,-134.4197,64.85,87,90,1.01,overcast clouds,0,0
126,Oistins,BB,2021-08-02 19:51:50,13.0667,-59.5333,86.09,70,20,10.36,few clouds,0,0
127,Brae,GB,2021-08-02 19:51:52,60.3964,-1.353,51.71,73,100,4.43,overcast clouds,0,0
128,Lyuban,BY,2021-08-02 19:51:53,52.7985,28.0048,57.56,96,84,7.74,broken clouds,0,0
129,Narsaq,GL,2021-08-02 19:51:54,60.9167,-46.05,51.66,75,94,1.77,overcast clouds,0,0
130,Havre-Saint-Pierre,CA,2021-08-02 19:51:56,50.2334,-63.5986,62.96,72,90,9.22,overcast clouds,0,0
131,Mwinilunga,ZM,2021-08-02 19:51:59,-11.7358,24.4293,62.08,44,16,4.07,few clouds,0,0
132,Wau,SS,2021-08-02 19:52:01,7.7029,27.9953,69.08,95,100,3.87,overcast clouds,0,0
133,Sitka,US,2021-08-02 19:51:36,57.0531,-135.33,60.69,77,90,12.66,overcast clouds,0,0
134,Salalah,OM,2021-08-02 19:52:04,17.0151,54.0924,75.99,93,100,4.12,overcast clouds,0,0
135,Anloga,GH,2021-08-02 19:52:05,5.7947,0.8973,79.02,86,100,8.9,overcast clouds,0,0
136,Marystown,CA,2021-08-02 19:52:07,47.1666,-55.1483,67.86,100,100,1.99,overcast clouds,0,0
137,Daoukro,CI,2021-08-02 19:52:08,7.0591,-3.9631,76.98,74,100,1.57,overcast clouds,0,0
138,Torbay,CA,2021-08-02 19:52:09,47.6666,-52.7314,72.37,59,90,14.97,overcast clouds,0,0
139,Kharp,RU,2021-08-02 19:52:11,66.8014,65.8081,53.17,84,100,6.89,overcast clouds,0,0
140,Togur,RU,2021-08-02 19:52:12,58.3631,82.8265,55.65,87,100,4.79,overcast clouds,0,0
141,Sept-Iles,CA,2021-08-02 19:52:16,50.2001,-66.3821,67.05,68,90,4.0,overcast clouds,0,0
142,Pangkalanbuun,ID,2021-08-02 19:52:17,-2.6833,111.6167,74.17,97,98,1.88,overcast clouds,0,0
143,Vila Velha,BR,2021-08-02 19:49:25,-20.3297,-40.2925,73.96,66,75,6.91,broken clouds,0,0
144,Esso,RU,2021-08-02 19:52:20,55.9333,158.7,43.92,98,100,4.38,overcast clouds,0,0
145,Oktyabrskoye,RU,2021-08-02 19:52:22,43.0645,44.7417,62.74,93,98,4.47,overcast clouds,0,0
146,Rio Grande,BR,2021-08-02 19:49:31,-32.035,-52.0986,59.11,83,19,8.34,few clouds,0,0
147,Saint-Raymond,CA,2021-08-02 19:52:25,45.467,-73.6095,76.98,44,40,4.61,scattered clouds,0,0
148,Sisimiut,GL,2021-08-02 19:52:28,66.9395,-53.6735,47.17,92,99,7.11,light rain,0,0
149,Jiaocheng,CN,2021-08-02 19:52:30,24.6774,116.1389,75.63,98,100,2.35,overcast clouds,0,0
150,Trelew,AR,2021-08-02 19:52:32,-43.249,-65.3051,68.16,20,52,9.84,broken clouds,0,0
151,Mutoko,ZW,2021-08-02 19:52:37,-17.397,32.2268,53.02,36,0,3.04,clear sky,0,0
152,Nurota,UZ,2021-08-02 19:52:38,40.5614,65.6886,78.89,16,0,6.02,clear sky,0,0
153,Itaituba,BR,2021-08-02 19:52:41,-4.2761,-55.9836,90.82,40,99,2.82,overcast clouds,0,0
154,Arraial Do Cabo,BR,2021-08-02 19:52:42,-22.9661,-42.0278,80.56,68,0,12.66,clear sky,0,0
155,Hithadhoo,MV,2021-08-02 19:51:18,-0.6,73.0833,81.61,71,100,5.3,light rain,0,0
156,Zapadnaya Dvina,RU,2021-08-02 19:52:45,56.259,32.0745,59.22,91,100,14.65,overcast clouds,0,0
157,Iberia,US,2021-08-02 19:52:47,29.9502,-91.7507,88.97,79,75,4.61,broken clouds,0,0
158,Aloleng,PH,2021-08-02 19:52:48,16.1307,119.7824,81.93,85,100,21.83,light rain,0,0
159,Cabo San Lucas,MX,2021-08-02 19:52:20,22.8909,-109.9124,101.52,63,81,10.74,broken clouds,0,0
160,Rawson,AR,2021-08-02 19:51:18,-43.3002,-65.1023,65.66,27,61,8.72,broken clouds,0,0
161,Leh,IN,2021-08-02 19:51:56,34.1667,77.5833,64.9,40,14,5.73,few clouds,0,0
162,Marquard,ZA,2021-08-02 19:52:53,-28.6645,27.4305,46.8,29,0,0.78,clear sky,0,0
163,Tiksi,RU,2021-08-02 19:52:54,71.6872,128.8694,49.14,67,91,3.65,overcast clouds,0,0
164,Umea,SE,2021-08-02 19:52:56,63.8284,20.2597,55.9,76,0,4.61,clear sky,0,0
165,Gorontalo,ID,2021-08-02 19:52:57,0.5412,123.0595,74.64,94,51,1.77,broken clouds,0,0
166,Khatanga,RU,2021-08-02 19:52:59,71.9667,102.5,61.88,65,61,9.51,broken clouds,0,0
167,Bredasdorp,ZA,2021-08-02 19:51:37,-34.5322,20.0403,57.27,94,23,4.61,few clouds,0,0
168,Buala,SB,2021-08-02 19:53:02,-8.145,159.5921,78.03,85,57,5.84,light rain,0,0
169,Portland,US,2021-08-02 19:52:31,45.5234,-122.6762,93.2,52,20,1.01,few clouds,0,0
170,Bengkulu,ID,2021-08-02 19:51:40,-3.8004,102.2655,75.25,90,35,3.94,scattered clouds,0,0
171,Yellowknife,CA,2021-08-02 19:53:07,62.456,-114.3525,88.32,29,20,12.66,smoke,0,0
172,Ust-Tsilma,RU,2021-08-02 19:53:09,65.441,52.1498,54.9,95,16,2.06,few clouds,0,0
173,Namibe,AO,2021-08-02 19:51:32,-15.1961,12.1522,69.6,83,81,4.0,broken clouds,0,0
174,Soubre,CI,2021-08-02 19:53:14,5.7856,-6.6083,74.39,85,14,3.29,few clouds,0,0
175,Kalmunai,LK,2021-08-02 19:53:18,7.4167,81.8167,79.97,66,98,5.3,overcast clouds,0,0
176,Nuuk,GL,2021-08-02 19:53:20,64.1835,-51.7216,50.88,81,100,4.0,overcast clouds,0,0
177,Ribeira Grande,PT,2021-08-02 19:51:28,38.5167,-28.7,77.4,83,40,9.22,scattered clouds,0,0
178,San Carlos De Bariloche,AR,2021-08-02 19:52:54,-41.1456,-71.3082,58.75,44,40,16.11,light rain,0,0
179,Peniche,PT,2021-08-02 19:53:24,39.3558,-9.3811,69.28,86,1,18.25,clear sky,0,0
180,Esperance,AU,2021-08-02 19:53:26,-33.8667,121.9,46.24,83,100,9.98,overcast clouds,0,0
181,Norman Wells,CA,2021-08-02 19:51:55,65.282,-126.8329,77.04,44,1,4.61,smoke,0,0
182,Naze,JP,2021-08-02 19:52:40,28.3667,129.4833,77.81,86,47,16.46,scattered clouds,0,0
183,Santa Isabel Do Rio Negro,BR,2021-08-02 19:53:31,-0.4139,-65.0192,87.75,47,44,1.83,scattered clouds,0,0
184,Guthrie,US,2021-08-02 19:53:32,35.8789,-97.4253,86.61,56,1,12.24,clear sky,0,0
185,Narrabri,AU,2021-08-02 19:53:34,-30.3167,149.7833,64.49,68,40,17.27,light rain,0,0
186,Chino Valley,US,2021-08-02 19:53:36,34.7575,-112.4538,94.93,26,2,3.0,clear sky,0,0
187,Luderitz,NA,2021-08-02 19:53:38,-26.6481,15.1594,67.05,38,0,1.97,clear sky,0,0
188,San Jose,US,2021-08-02 19:53:39,37.3394,-121.895,89.85,61,1,4.0,clear sky,0,0
189,Pochutla,MX,2021-08-02 19:53:41,15.7432,-96.4661,91.81,55,79,6.58,broken clouds,0,0
190,Evensk,RU,2021-08-02 19:53:44,61.95,159.2333,45.9,60,7,9.28,clear sky,0,0
191,Praia,CV,2021-08-02 19:53:47,14.9215,-23.5087,81.14,69,20,11.5,few clouds,0,0
192,Taman,RU,2021-08-02 19:53:49,45.2117,36.7161,71.92,67,0,2.57,clear sky,0,0
193,Pyinmana,MM,2021-08-02 19:53:52,19.7333,96.2167,74.1,98,100,4.12,overcast clouds,0,0
194,Bingerville,CI,2021-08-02 19:53:54,5.3584,-3.8869,77.94,89,20,6.91,few clouds,0,0
195,Sursee,CH,2021-08-02 19:53:55,47.1667,8.1,61.74,82,40,3.44,scattered clouds,0,0
196,Bethel,US,2021-08-02 19:53:57,41.3712,-73.414,80.73,55,19,1.01,few clouds,0,0
197,Hofn,IS,2021-08-02 19:54:00,64.2539,-15.2082,53.62,87,90,11.5,mist,0,0
198,Kolokani,ML,2021-08-02 19:54:01,13.5728,-8.0339,79.77,72,95,6.73,overcast clouds,0,0
199,San Pedro,PH,2021-08-02 19:54:03,14.35,121.0167,82.15,90,100,18.14,light rain,0,0
200,Mosquera,CO,2021-08-02 19:54:04,4.7059,-74.2302,66.29,48,40,14.97,scattered clouds,0,0
201,Alyangula,AU,2021-08-02 19:54:07,-13.8483,136.4192,64.27,100,40,2.3,scattered clouds,0,0
202,Basoko,CD,2021-08-02 19:54:09,1.2391,23.616,75.15,76,100,1.28,overcast clouds,0,0
203,Hambantota,LK,2021-08-02 19:54:10,6.1241,81.1185,78.85,81,100,18.57,light rain,0,0
204,Palauig,PH,2021-08-02 19:54:11,15.435,119.9045,81.0,88,100,14.92,heavy intensity rain,0,0
205,Kozulka,UA,2021-08-02 19:54:12,50.0351,23.797,59.32,90,14,4.81,few clouds,0,0
206,Winchester,GB,2021-08-02 19:54:14,51.0651,-1.3187,61.72,91,20,1.14,few clouds,0,0
207,Katherine,AU,2021-08-02 19:54:16,-14.4667,132.2667,66.52,63,63,0.0,broken clouds,0,0
208,Sawtell,AU,2021-08-02 19:54:19,-30.3833,153.1,64.18,96,90,8.05,light rain,0,0
209,Helong,CN,2021-08-02 19:54:23,42.5397,128.9972,70.09,99,100,0.31,overcast clouds,0,0
210,Kaduna,NG,2021-08-02 19:54:24,10.5222,7.4383,69.3,94,100,2.68,overcast clouds,0,0
211,Almaznyy,RU,2021-08-02 19:54:27,48.0448,40.045,78.94,35,5,3.71,clear sky,0,0
212,Agirish,RU,2021-08-02 19:54:29,61.9247,63.0231,58.03,80,74,5.3,broken clouds,0,0
213,Saint-Francois,FR,2021-08-02 19:54:32,46.4154,3.9054,64.67,76,82,2.3,haze,0,0
214,Vostok,RU,2021-08-02 19:54:33,46.4856,135.8833,63.36,96,56,2.37,broken clouds,0,0
215,Te Anau,NZ,2021-08-02 19:54:35,-45.4167,167.7167,37.72,94,58,2.3,broken clouds,0,0
216,Bambous Virieux,MU,2021-08-02 19:54:36,-20.3428,57.7575,65.21,88,20,8.05,few clouds,0,0
217,Sao Miguel Do Araguaia,BR,2021-08-02 19:54:37,-13.275,-50.1628,92.01,18,50,9.1,scattered clouds,0,0
218,Concarneau,FR,2021-08-02 19:54:39,47.875,-3.9225,63.05,78,99,9.64,overcast clouds,0,0
219,Calvinia,ZA,2021-08-02 19:54:40,-31.4707,19.776,58.75,22,0,6.8,clear sky,0,0
220,Seoul,KR,2021-08-02 19:54:42,37.5683,126.9778,76.51,100,20,3.44,few clouds,0,0
221,Leningradskiy,RU,2021-08-02 19:54:43,69.3833,178.4167,32.52,98,100,11.48,light snow,0,0
222,Hobyo,SO,2021-08-02 19:54:45,5.3505,48.5268,77.36,79,23,23.58,few clouds,0,0
223,Sovetskiy,RU,2021-08-02 19:54:46,61.3614,63.5842,61.61,71,85,4.03,overcast clouds,0,0
224,Buraydah,SA,2021-08-02 19:54:49,26.326,43.975,93.65,9,6,2.26,clear sky,0,0
225,Provideniya,RU,2021-08-02 19:52:03,64.3833,-173.3,51.91,76,90,13.42,mist,0,0
226,Hovd,MN,2021-08-02 19:54:54,48.0056,91.6419,60.67,48,0,3.2,clear sky,0,0
227,Port-Gentil,GA,2021-08-02 19:54:57,-0.7193,8.7815,76.96,78,40,8.05,scattered clouds,0,0
228,Salvador,SV,2021-08-02 19:54:58,13.8333,-88.9167,88.05,52,100,0.58,overcast clouds,0,0
229,Ankang,CN,2021-08-02 19:55:01,32.68,109.0172,78.66,87,0,2.37,clear sky,0,0
230,Ketchikan,US,2021-08-02 19:55:03,55.3422,-131.6461,64.81,64,57,4.92,broken clouds,0,0
231,Boende,CD,2021-08-02 19:55:05,-0.2167,20.8667,80.08,57,100,2.37,overcast clouds,0,0
232,Zalantun,CN,2021-08-02 19:55:06,48.0,122.7167,60.96,85,100,6.33,light rain,0,0
233,Tonj,SS,2021-08-02 19:55:07,7.2737,28.6822,69.71,86,98,3.56,overcast clouds,0,0
234,Vanimo,PG,2021-08-02 19:55:09,-2.6741,141.3028,77.85,89,98,5.46,overcast clouds,0,0
235,Ilhabela,BR,2021-08-02 19:55:10,-23.7781,-45.3581,65.52,82,35,2.33,scattered clouds,0,0
236,Chernyshevskiy,RU,2021-08-02 19:55:11,63.0128,112.4714,59.23,51,100,6.15,overcast clouds,0,0
237,Emba,KZ,2021-08-02 19:55:13,48.8264,58.1442,84.24,26,77,7.87,broken clouds,0,0
238,Abbeville,FR,2021-08-02 19:55:14,50.1,1.8333,60.28,79,100,5.28,overcast clouds,0,0
239,Roald,NO,2021-08-02 19:55:15,62.5833,6.1333,55.0,71,20,13.8,few clouds,0,0
240,Nhulunbuy,AU,2021-08-02 19:51:38,-12.2333,136.7667,70.41,88,100,3.44,overcast clouds,0,0
241,Cherskiy,RU,2021-08-02 19:55:18,68.75,161.3,38.21,76,97,15.73,overcast clouds,0,0
242,Comodoro Rivadavia,AR,2021-08-02 19:55:19,-45.8667,-67.5,62.46,39,20,23.02,few clouds,0,0
243,Bealanana,MG,2021-08-02 19:55:21,-14.55,48.7333,55.04,96,0,2.39,clear sky,0,0
244,Severo-Kurilsk,RU,2021-08-02 19:55:22,50.6789,156.125,50.49,78,94,22.08,overcast clouds,0,0
245,Nemuro,JP,2021-08-02 19:55:24,43.3236,145.575,68.02,99,100,5.14,overcast clouds,0,0
246,Panlaitan,PH,2021-08-02 19:55:25,12.1191,119.8486,82.83,82,100,19.46,moderate rain,0,0
247,Alice Springs,AU,2021-08-02 19:55:27,-23.7,133.8833,40.55,42,0,3.44,clear sky,0,0
248,Banting,MY,2021-08-02 19:55:29,2.8167,101.5,80.74,88,79,1.43,broken clouds,0,0
249,Iskateley,RU,2021-08-02 19:55:30,67.6803,53.1512,46.89,94,15,4.68,few clouds,0,0
250,Makakilo City,US,2021-08-02 19:55:33,21.3469,-158.0858,79.68,74,75,0.0,broken clouds,0,0
251,Midland,US,2021-08-02 19:52:36,31.9974,-102.0779,83.68,54,75,11.5,haze,0,0
252,Shagamu,NG,2021-08-02 19:55:36,6.8432,3.6478,80.38,94,100,0.98,moderate rain,0,0
253,Nouadhibou,MR,2021-08-02 19:55:37,20.931,-17.0347,71.58,78,55,17.27,broken clouds,0,0
254,Lanzhou,CN,2021-08-02 19:55:39,36.0564,103.7922,69.08,63,100,8.14,moderate rain,0,0
255,Touros,BR,2021-08-02 19:52:34,-5.1989,-35.4608,81.5,71,45,18.3,scattered clouds,0,0
256,Cayenne,GF,2021-08-02 19:55:42,4.9333,-52.3333,85.08,75,75,3.0,broken clouds,0,0
257,Geraldton,AU,2021-08-02 19:55:44,-28.7667,114.6,45.01,93,2,10.36,clear sky,0,0
258,Lamar,US,2021-08-02 19:55:46,33.6668,-95.5836,82.06,85,75,6.91,broken clouds,0,0
259,Muisne,EC,2021-08-02 19:55:47,0.6,-80.0333,82.51,76,100,10.8,overcast clouds,0,0
260,Verkhnevilyuysk,RU,2021-08-02 19:55:50,63.4453,120.3167,57.16,59,1,4.85,clear sky,0,0
261,Necochea,AR,2021-08-02 19:55:51,-38.5473,-58.7368,65.03,52,23,13.78,few clouds,0,0
262,Mikhaylovka,RU,2021-08-02 19:55:53,50.06,43.2379,81.79,28,61,6.31,broken clouds,0,0
263,Pangnirtung,CA,2021-08-02 19:55:55,66.1451,-65.7125,50.0,93,75,11.5,broken clouds,0,0
264,Vestmannaeyjar,IS,2021-08-02 19:55:57,63.4427,-20.2734,54.59,82,40,6.91,scattered clouds,0,0
265,Yarada,IN,2021-08-02 19:55:59,17.65,83.2667,84.52,84,40,8.05,scattered clouds,0,0
266,Kaeo,NZ,2021-08-02 19:56:01,-35.1,173.7833,53.33,82,12,16.84,light rain,0,0
267,Avignon,FR,2021-08-02 19:56:03,44.0833,4.8333,72.91,49,0,4.61,clear sky,0,0
268,Tromso,NO,2021-08-02 19:56:05,69.6496,18.957,47.05,87,75,3.0,broken clouds,0,0
269,Takoradi,GH,2021-08-02 19:56:07,4.8845,-1.7554,77.52,82,38,8.43,scattered clouds,0,0
270,Botou,CN,2021-08-02 19:56:09,38.0667,116.5667,71.29,82,89,2.39,overcast clouds,0,0
271,Isangel,VU,2021-08-02 19:56:10,-19.55,169.2667,68.25,65,3,9.91,clear sky,0,0
272,Frankfort,ZA,2021-08-02 19:51:40,-27.2667,28.4833,52.47,29,0,9.66,clear sky,0,0
273,Stornoway,GB,2021-08-02 19:56:13,58.2093,-6.3865,57.16,72,90,3.44,overcast clouds,0,0
274,Bowen,AU,2021-08-02 19:56:16,-20.0167,148.2333,48.42,85,12,6.55,few clouds,0,0
275,Olafsvik,IS,2021-08-02 19:56:18,64.8945,-23.7142,53.8,79,100,4.38,overcast clouds,0,0
276,Tiznit,MA,2021-08-02 19:56:20,29.5833,-9.5,66.34,73,8,5.35,clear sky,0,0
277,Dalby,AU,2021-08-02 19:56:21,-27.1833,151.2667,61.5,92,99,1.01,overcast clouds,0,0
278,Victor Harbor,AU,2021-08-02 19:56:23,-35.5667,138.6167,53.69,74,32,19.28,scattered clouds,0,0
279,Qui Nhon,VN,2021-08-02 19:56:24,13.7667,109.2333,84.92,66,100,13.56,overcast clouds,0,0
280,Georgetown,MY,2021-08-02 19:56:26,5.4112,100.3354,81.9,86,20,3.44,few clouds,0,0
281,Caravelas,BR,2021-08-02 19:56:27,-17.7125,-39.2481,70.34,65,54,5.59,broken clouds,0,0
282,Toppenish,US,2021-08-02 19:56:30,46.3774,-120.3087,97.02,41,1,3.42,clear sky,0,0
283,Ginda,IN,2021-08-02 19:56:31,30.6945,78.4932,66.74,90,75,3.47,broken clouds,0,0
284,Jalu,LY,2021-08-02 19:56:32,29.0331,21.5482,94.55,12,0,14.32,clear sky,0,0
285,Port Macquarie,AU,2021-08-02 19:56:34,-31.4333,152.9167,58.96,91,99,16.89,light rain,0,0
286,Saint Pete Beach,US,2021-08-02 19:56:35,27.7253,-82.7412,93.16,73,40,1.99,scattered clouds,0,0
287,Moa,CU,2021-08-02 19:56:36,20.6569,-74.9403,86.97,60,100,13.33,overcast clouds,0,0
288,Barranca,PE,2021-08-02 19:56:38,-10.75,-77.7667,67.1,71,9,11.18,clear sky,0,0
289,Chipinge,ZW,2021-08-02 19:56:39,-20.1883,32.6236,54.91,43,0,5.06,clear sky,0,0
290,Maceio,BR,2021-08-02 19:53:56,-9.6658,-35.7353,72.84,100,75,11.5,broken clouds,0,0
291,Outlook,CA,2021-08-02 19:56:42,51.5001,-107.0513,94.69,17,100,5.93,overcast clouds,0,0
292,Souillac,MU,2021-08-02 19:56:43,-20.5167,57.5167,65.35,88,20,8.05,few clouds,0,0
293,Luganville,VU,2021-08-02 19:56:45,-15.5333,167.1667,70.32,69,99,4.74,overcast clouds,0,0
294,Hamilton,US,2021-08-02 19:56:21,39.1834,-84.5333,81.0,53,45,1.99,scattered clouds,0,0
295,Shitanjing,CN,2021-08-02 19:56:48,39.2342,106.3439,63.95,78,100,7.7,light rain,0,0
296,Petropavlovsk-Kamchatskiy,RU,2021-08-02 19:56:55,53.0452,158.6483,48.79,100,75,4.47,moderate rain,0,0
297,Jam Sahib,PK,2021-08-02 19:56:56,26.2958,68.6292,86.02,68,78,19.84,broken clouds,0,0
298,Mandali,IQ,2021-08-02 19:56:58,33.7499,45.5541,98.91,12,60,9.33,broken clouds,0,0
299,Mogadishu,SO,2021-08-02 19:57:00,2.0371,45.3438,76.21,84,69,17.58,broken clouds,0,0
300,Alofi,NU,2021-08-02 19:57:02,-19.0595,-169.9187,73.29,78,40,9.22,scattered clouds,0,0
301,Sorkjosen,NO,2021-08-02 19:57:05,69.8,20.9333,47.44,87,100,5.48,overcast clouds,0,0
302,Faanui,PF,2021-08-02 19:57:08,-16.4833,-151.75,80.15,69,53,12.33,broken clouds,0,0
303,Ylojarvi,FI,2021-08-02 19:57:09,61.5563,23.5961,61.63,86,75,10.36,broken clouds,0,0
304,Mao,ES,2021-08-02 19:57:11,39.8885,4.2658,73.96,68,20,8.05,few clouds,0,0
305,Tavda,RU,2021-08-02 19:57:13,58.0425,65.2726,59.18,78,20,4.74,few clouds,0,0
306,Lavrentiya,RU,2021-08-02 19:57:14,65.5833,-171.0,44.33,99,100,7.74,moderate rain,0,0
307,Coihaique,CL,2021-08-02 19:57:18,-45.5752,-72.0662,54.21,58,40,10.36,scattered clouds,0,0
308,Silvan,TR,2021-08-02 19:57:20,38.1419,41.0081,86.29,32,89,5.44,overcast clouds,0,0
309,Pangai,TO,2021-08-02 19:57:22,-19.8,-174.35,71.71,64,20,9.22,few clouds,0,0
310,Farmington,US,2021-08-02 19:57:23,36.7281,-108.2187,87.78,40,21,1.01,few clouds,0,0
311,Dudinka,RU,2021-08-02 19:57:26,69.4058,86.1778,63.16,60,100,6.93,overcast clouds,0,0
312,Maunabo,PR,2021-08-02 19:57:27,18.0072,-65.8993,85.05,84,4,8.9,clear sky,0,0
313,Vicuna,CL,2021-08-02 19:57:29,-30.0319,-70.7081,53.33,16,0,4.54,clear sky,0,0
314,Taga,RO,2021-08-02 19:57:30,46.95,24.05,68.31,62,0,2.93,clear sky,0,0
315,Bulgan,MN,2021-08-02 19:57:33,48.8125,103.5347,54.32,95,100,9.95,overcast clouds,0,0
316,Laguna,US,2021-08-02 19:57:35,38.421,-121.4238,99.14,33,1,4.0,haze,0,0
317,Buritizeiro,BR,2021-08-02 19:57:36,-17.3511,-44.9622,79.07,31,87,2.19,overcast clouds,0,0
318,Balabac,PH,2021-08-02 19:57:37,7.9868,117.0645,83.82,78,100,17.56,overcast clouds,0,0
319,Deputatskiy,RU,2021-08-02 19:53:10,69.3,139.9,41.02,59,2,4.09,clear sky,0,0
320,Storsteinnes,NO,2021-08-02 19:57:40,69.2408,19.2344,47.05,86,100,3.74,overcast clouds,0,0
321,Abu Samrah,SY,2021-08-02 19:57:44,35.3029,37.1841,83.37,39,0,10.69,clear sky,0,0
322,Tevaitoa,PF,2021-08-02 19:57:48,-16.7833,-151.5,80.19,66,48,12.48,scattered clouds,0,0
323,Delvine,AL,2021-08-02 19:57:51,39.9511,20.0978,87.44,35,0,3.47,clear sky,0,0
324,Valparaiso,CL,2021-08-02 19:53:34,-33.0393,-71.6273,59.92,82,20,6.91,mist,0,0
325,Warrington,GB,2021-08-02 19:53:06,53.3925,-2.5802,60.46,72,0,1.01,clear sky,0,0
326,Gerstetten,DE,2021-08-02 19:57:57,48.6333,10.0333,58.24,93,18,2.75,moderate rain,0,0
327,Port-Cartier,CA,2021-08-02 19:57:59,50.0334,-66.8654,66.74,73,100,7.0,overcast clouds,0,0
328,Legnica,PL,2021-08-02 19:58:00,51.2101,16.1619,64.87,73,17,8.16,few clouds,0,0
329,Shimoda,JP,2021-08-02 19:58:02,34.6667,138.95,80.71,87,94,6.2,overcast clouds,0,0
330,Badoc,PH,2021-08-02 19:58:03,17.9265,120.4764,79.48,91,100,17.65,heavy intensity rain,0,0
331,Concordia,AR,2021-08-02 19:58:05,-31.393,-58.0209,62.78,55,0,7.0,clear sky,0,0
332,Karatau,KZ,2021-08-02 19:58:07,43.1667,70.4667,75.06,21,75,1.48,broken clouds,0,0
333,Thunder Bay,CA,2021-08-02 19:57:07,48.4001,-89.3168,80.51,41,75,12.66,smoke,0,0
334,Havoysund,NO,2021-08-02 19:58:09,70.9963,24.6622,49.08,83,16,23.09,few clouds,0,0
335,Meulaboh,ID,2021-08-02 19:58:11,4.1363,96.1285,75.36,85,84,4.9,broken clouds,0,0
336,Flinders,AU,2021-08-02 19:58:13,-34.5833,150.8552,56.37,88,99,1.01,overcast clouds,0,0
337,Nioro,GM,2021-08-02 19:58:14,13.35,-15.75,75.88,92,100,10.74,overcast clouds,0,0
338,Atikokan,CA,2021-08-02 19:58:16,48.7555,-91.6216,82.74,25,44,9.48,scattered clouds,0,0
339,Nanortalik,GL,2021-08-02 19:58:18,60.1432,-45.2371,47.14,84,93,2.64,overcast clouds,0,0
340,Kargil,IN,2021-08-02 19:58:21,34.5667,76.1,58.96,54,31,6.58,scattered clouds,0,0
341,Eydhafushi,MV,2021-08-02 19:58:23,5.1033,73.0708,82.81,71,100,4.38,overcast clouds,0,0
342,Ahipara,NZ,2021-08-02 19:58:25,-35.1667,173.1667,53.85,78,2,25.3,clear sky,0,0
343,Eureka,US,2021-08-02 19:58:26,40.8021,-124.1637,69.21,80,55,5.99,broken clouds,0,0
344,Kemijarvi,FI,2021-08-02 19:58:27,66.7131,27.4306,49.28,67,97,4.23,overcast clouds,0,0
345,Borova,UA,2021-08-02 19:58:29,50.1763,30.1043,69.94,80,0,7.58,clear sky,0,0
346,Dingle,PH,2021-08-02 19:58:31,10.9995,122.6711,78.75,85,100,9.75,overcast clouds,0,0
347,Vardo,NO,2021-08-02 19:58:32,70.3705,31.1107,49.75,87,0,5.75,clear sky,0,0
348,Hopelchen,MX,2021-08-02 19:58:33,19.7667,-89.85,90.68,34,80,8.52,broken clouds,0,0
349,Manokwari,ID,2021-08-02 19:58:35,-0.8667,134.0833,78.01,80,93,2.28,overcast clouds,0,0
350,Lakes Entrance,AU,2021-08-02 19:58:36,-37.8811,147.981,43.18,80,100,6.24,overcast clouds,0,0
351,Gamba,GA,2021-08-02 19:58:38,-2.65,10.0,74.1,86,54,4.63,broken clouds,0,0
352,Gazanjyk,TM,2021-08-02 19:58:39,39.2446,55.5154,89.76,15,74,3.98,broken clouds,0,0
353,Tabas,IR,2021-08-02 19:58:41,33.5959,56.9244,88.38,10,0,6.87,clear sky,0,0
354,Agnibilekrou,CI,2021-08-02 19:58:42,7.1344,-3.2047,72.57,90,91,0.83,overcast clouds,0,0
355,Kavieng,PG,2021-08-02 19:58:43,-2.5744,150.7967,81.66,79,30,10.74,light rain,0,0
356,Port Lincoln,AU,2021-08-02 19:58:45,-34.7333,135.8667,51.53,62,70,21.79,broken clouds,0,0
357,Zhigansk,RU,2021-08-02 19:58:46,66.7697,123.3711,58.78,61,20,10.18,few clouds,0,0
358,Edea,CM,2021-08-02 19:58:49,3.8,10.1333,76.78,98,100,1.83,light rain,0,0
359,Mahebourg,MU,2021-08-02 19:58:50,-20.4081,57.7,65.25,88,20,8.05,few clouds,0,0
360,Adrar,MR,2021-08-02 19:58:53,20.5022,-10.0711,98.67,26,3,8.68,clear sky,0,0
361,Lugo,ES,2021-08-02 19:58:55,43.0,-7.5,62.76,82,3,15.01,clear sky,0,0
362,Aswan,EG,2021-08-02 19:58:58,24.0934,32.907,99.7,12,0,8.05,clear sky,0,0
363,Umbuzeiro,BR,2021-08-02 19:58:59,-7.6956,-35.6636,71.28,74,67,14.25,broken clouds,0,0
364,Nantucket,US,2021-08-02 19:59:01,41.2835,-70.0995,78.13,73,0,20.29,clear sky,0,0
365,Bekobod,UZ,2021-08-02 19:59:04,40.2208,69.2697,82.09,33,100,8.99,overcast clouds,0,0
366,Beidao,CN,2021-08-02 19:59:06,34.5686,105.8933,68.13,77,92,2.17,overcast clouds,0,0
367,Poum,NC,2021-08-02 19:59:08,-20.2333,164.0167,67.51,66,16,9.86,few clouds,0,0
368,Luoyang,CN,2021-08-02 19:59:09,34.6836,112.4536,73.54,83,0,3.89,clear sky,0,0
369,Tucupita,VE,2021-08-02 19:59:13,9.0622,-62.051,81.21,85,55,2.91,broken clouds,0,0
370,Sabha,LY,2021-08-02 19:59:13,27.0377,14.4283,93.06,10,0,11.14,clear sky,0,0
371,Kabansk,RU,2021-08-02 19:59:16,52.0486,106.6528,61.29,98,100,8.41,light rain,0,0
372,Fort Nelson,CA,2021-08-02 19:59:17,58.8053,-122.7002,76.59,65,90,3.44,smoke,0,0
373,Raudeberg,NO,2021-08-02 19:59:20,61.9875,5.1352,58.6,78,16,18.92,few clouds,0,0
374,Senno,RU,2021-08-02 19:59:22,59.5336,33.9167,63.91,96,79,10.58,broken clouds,0,0
375,Marrakesh,MA,2021-08-02 19:57:07,31.6315,-8.0083,84.27,39,0,12.66,clear sky,0,0
376,Novikovo,RU,2021-08-02 19:59:26,51.1537,37.8879,71.13,73,54,7.36,broken clouds,0,0
377,Sur,OM,2021-08-02 19:59:28,22.5667,59.5289,87.55,60,91,13.47,overcast clouds,0,0
378,Sioux Lookout,CA,2021-08-02 19:59:29,50.1001,-91.917,80.98,41,75,9.22,smoke,0,0
379,Porto-Vecchio,FR,2021-08-02 19:59:31,41.591,9.2795,74.73,68,0,8.05,clear sky,0,0
380,Chunhuhub,MX,2021-08-02 19:59:32,19.55,-88.6833,94.5,43,64,5.95,broken clouds,0,0
381,Fortuna,US,2021-08-02 19:58:14,40.5982,-124.1573,82.18,76,20,4.0,few clouds,0,0
382,Vysokopillya,UA,2021-08-02 19:59:35,47.4919,33.5306,68.45,60,100,10.11,overcast clouds,0,0
383,Fulton,US,2021-08-02 19:59:36,33.7668,-84.4499,91.81,41,89,3.0,overcast clouds,0,0
384,Vung Tau,VN,2021-08-02 19:59:39,10.346,107.0843,80.83,82,100,18.03,overcast clouds,0,0
385,Kampot,KH,2021-08-02 19:59:42,10.6167,104.1833,82.45,84,100,9.4,overcast clouds,0,0
386,Krasnouralsk,RU,2021-08-02 19:59:44,58.3638,60.0407,59.65,96,89,5.23,overcast clouds,0,0
387,Palmer,US,2021-08-02 19:59:04,42.1584,-72.3287,80.02,54,84,1.01,broken clouds,0,0
388,Carutapera,BR,2021-08-02 19:59:46,-1.195,-46.02,77.5,87,52,6.17,broken clouds,0,0
389,Mahon,ES,2021-08-02 19:59:47,39.8885,4.2658,73.96,68,20,8.05,few clouds,0,0
390,Ikongo,MG,2021-08-02 19:59:49,-21.8833,47.4333,60.21,87,0,3.13,clear sky,0,0
391,Kloulklubed,PW,2021-08-02 19:59:50,7.0419,134.2556,83.93,76,62,14.07,broken clouds,0,0
392,Roebourne,AU,2021-08-02 19:59:51,-20.7833,117.1333,60.46,25,5,17.11,clear sky,0,0
393,Tigil,RU,2021-08-02 19:59:52,57.8,158.6667,48.51,88,25,9.06,scattered clouds,0,0
394,Kangaatsiaq,GL,2021-08-02 19:59:54,68.3065,-53.4641,42.96,92,13,19.86,few clouds,0,0
395,Biak,ID,2021-08-02 19:59:55,-0.9131,122.8766,75.36,81,46,6.91,scattered clouds,0,0
396,Vytegra,RU,2021-08-02 19:59:56,61.0064,36.4481,65.64,65,99,13.09,overcast clouds,0,0
397,Asyut,EG,2021-08-02 19:59:58,27.181,31.1837,91.58,15,0,4.99,clear sky,0,0
398,Lata,PT,2021-08-02 20:00:00,40.1629,-8.3327,67.35,76,3,3.87,clear sky,0,0
399,Shingu,JP,2021-08-02 20:00:02,33.7333,135.9833,78.91,80,100,4.14,overcast clouds,0,0
400,Husavik,IS,2021-08-02 20:00:07,66.0449,-17.3389,55.31,82,74,5.55,broken clouds,0,0
401,Cortes,ES,2021-08-02 20:00:09,41.9395,-1.4396,82.45,34,71,4.61,broken clouds,0,0
402,Tuatapere,NZ,2021-08-02 20:00:11,-46.1333,167.6833,43.83,84,98,4.74,overcast clouds,0,0
403,Beyneu,KZ,2021-08-02 20:00:13,45.3167,55.2,90.93,14,0,5.84,clear sky,0,0
404,Kharitonovo,RU,2021-08-02 20:00:14,61.4009,47.4978,60.26,88,100,4.27,overcast clouds,0,0
405,Puerto Suarez,BO,2021-08-02 20:00:16,-18.95,-57.8,86.52,24,5,5.12,clear sky,0,0
406,Clarence Town,AU,2021-08-02 20:00:18,-32.5833,151.7833,57.94,96,53,2.28,light rain,0,0
407,Ostashkov,RU,2021-08-02 20:00:20,57.1467,33.1075,61.92,96,100,14.99,light rain,0,0
408,Axim,GH,2021-08-02 20:00:22,4.8699,-2.2405,77.25,85,51,8.41,broken clouds,0,0
409,Nome,US,2021-08-02 20:00:25,64.5011,-165.4064,57.16,96,100,12.24,light rain,0,0
410,Ajaccio,FR,2021-08-02 19:58:09,42.0,8.9167,70.29,60,0,8.05,clear sky,0,0
411,Casper,US,2021-08-02 19:55:40,42.8666,-106.3131,85.5,28,64,5.01,broken clouds,0,0
412,Bilma,NE,2021-08-02 20:00:29,18.6853,12.9164,98.38,12,6,8.57,clear sky,0,0
413,Yar-Sale,RU,2021-08-02 20:00:31,66.8333,70.8333,55.45,94,100,6.6,overcast clouds,0,0
414,Yabelo,ET,2021-08-02 20:00:32,4.8833,38.0833,62.49,52,100,8.46,overcast clouds,0,0
415,Yabrud,SY,2021-08-02 20:00:34,33.9674,36.6574,71.26,35,0,2.1,clear sky,0,0
416,Murmashi,RU,2021-08-02 20:00:36,68.8154,32.8115,50.41,100,75,0.0,broken clouds,0,0
417,Viedma,AR,2021-08-02 20:00:37,-40.8135,-62.9967,69.48,21,82,16.13,broken clouds,0,0
418,Tecoanapa,MX,2021-08-02 20:00:39,16.5167,-98.75,87.46,63,67,8.97,broken clouds,0,0
419,Mount Gambier,AU,2021-08-02 20:00:41,-37.8333,140.7667,44.31,93,100,5.1,overcast clouds,0,0
420,Lagoa,PT,2021-08-02 20:00:43,39.05,-27.9833,72.64,89,2,5.84,clear sky,0,0
421,Sambava,MG,2021-08-02 20:00:45,-14.2667,50.1667,69.76,86,19,10.89,few clouds,0,0
422,Kempsey,AU,2021-08-02 20:00:46,-31.0833,152.8333,58.95,98,99,3.0,moderate rain,0,0
423,Ravar,IR,2021-08-02 20:00:48,31.2656,56.8055,85.68,15,55,5.75,broken clouds,0,0
424,Sao Filipe,CV,2021-08-02 20:00:50,14.8961,-24.4956,76.53,82,39,5.14,scattered clouds,0,0
425,Winslow,US,2021-08-02 20:00:51,35.0242,-110.6974,90.97,30,0,1.99,clear sky,0,0
426,Nabire,ID,2021-08-02 20:00:52,-3.3667,135.4833,75.45,92,94,3.53,overcast clouds,0,0
427,Sheridan,US,2021-08-02 20:00:54,44.8333,-106.9173,94.46,22,40,4.0,scattered clouds,0,0
428,San Quintin,MX,2021-08-02 20:00:55,30.4833,-115.95,79.59,56,3,13.58,clear sky,0,0
429,Darnah,LY,2021-08-02 20:00:57,32.767,22.6367,84.47,58,0,16.71,clear sky,0,0
430,Port Hedland,AU,2021-08-02 20:00:58,-20.3167,118.5667,55.45,26,5,10.36,clear sky,0,0
431,Gat,IL,2021-08-02 20:01:00,31.61,34.7642,86.4,48,0,5.66,clear sky,0,0
432,Manono,CD,2021-08-02 20:01:01,-7.3,27.4167,76.28,34,3,5.1,clear sky,0,0
433,Kitzbuhel,AT,2021-08-02 20:01:03,47.4464,12.3922,60.22,94,96,2.53,overcast clouds,0,0
434,San Rafael Del Sur,NI,2021-08-02 20:01:05,11.8485,-86.4384,91.87,47,97,13.33,overcast clouds,0,0
435,Sao Felix Do Xingu,BR,2021-08-02 20:01:07,-6.6447,-51.995,95.65,21,6,5.73,clear sky,0,0
436,Miri,MY,2021-08-02 20:00:35,4.4148,114.0089,76.95,87,99,4.59,overcast clouds,0,0
437,Aykhal,RU,2021-08-02 20:01:10,66.0,111.5,62.24,56,100,8.9,overcast clouds,0,0
438,Yulara,AU,2021-08-02 20:01:13,-25.2406,130.9889,42.8,69,0,8.01,clear sky,0,0
439,Verkhnyaya Inta,RU,2021-08-02 20:01:15,65.9811,60.3094,54.1,86,18,6.58,few clouds,0,0
440,Lasa,IT,2021-08-02 20:01:16,46.6166,10.7002,62.51,90,59,3.15,broken clouds,0,0
441,Fort Frances,CA,2021-08-02 19:59:25,48.5999,-93.4003,83.16,40,28,3.98,scattered clouds,0,0
442,Manaus,BR,2021-08-02 19:58:41,-3.1019,-60.025,82.9,74,40,6.91,scattered clouds,0,0
443,Alta Floresta,BR,2021-08-02 19:59:32,-9.8756,-56.0861,94.82,31,40,6.91,scattered clouds,0,0
444,Adre,TD,2021-08-02 20:01:20,13.4667,22.2,76.73,77,90,9.75,overcast clouds,0,0
445,Zunyi,CN,2021-08-02 20:01:22,27.6867,106.9072,72.37,75,0,1.01,clear sky,0,0
446,San Jeronimo,PE,2021-08-02 20:01:24,-11.9472,-75.2829,59.76,43,37,10.58,scattered clouds,0,0
447,Porto Novo,BJ,2021-08-02 20:01:25,6.4965,2.6036,76.62,87,100,6.44,overcast clouds,0,0
448,Trincomalee,LK,2021-08-02 20:01:26,8.5711,81.2335,80.65,75,100,23.58,overcast clouds,0,0
449,Dasoguz,TM,2021-08-02 20:01:28,41.8363,59.9666,75.31,20,4,12.01,clear sky,0,0
450,Tezu,IN,2021-08-02 20:01:31,27.9167,96.1667,75.36,97,100,4.12,overcast clouds,0,0
451,Voh,NC,2021-08-02 20:01:33,-20.9667,164.7,58.5,77,3,3.89,clear sky,0,0
452,Paamiut,GL,2021-08-02 20:01:34,61.994,-49.6678,46.13,85,100,5.21,overcast clouds,0,0
453,Berlevag,NO,2021-08-02 20:01:36,70.8578,29.0864,49.8,82,5,5.99,clear sky,0,0
454,Soma,TR,2021-08-02 20:01:38,39.1855,27.6094,83.98,26,0,5.55,clear sky,0,0
455,Usinsk,RU,2021-08-02 20:01:39,65.9939,57.5281,55.27,86,97,6.76,overcast clouds,0,0
456,Ulladulla,AU,2021-08-02 20:01:40,-35.35,150.4667,55.87,87,100,5.77,overcast clouds,0,0
457,Shakawe,BW,2021-08-02 20:01:41,-18.3667,21.85,60.44,34,3,4.65,clear sky,0,0
458,Port Blair,IN,2021-08-02 20:01:43,11.6667,92.75,81.66,83,98,20.38,overcast clouds,0,0
459,Atherton,GB,2021-08-02 20:01:45,53.5237,-2.4935,60.91,71,8,1.99,clear sky,0,0
460,Quepos,CR,2021-08-02 20:01:47,9.4236,-84.1652,89.53,83,85,4.54,overcast clouds,0,0
461,Maniitsoq,GL,2021-08-02 20:01:48,65.4167,-52.9,46.74,93,100,5.5,light rain,0,0
462,Zyryanka,RU,2021-08-02 20:01:51,65.75,150.85,44.19,59,48,5.88,scattered clouds,0,0
463,Manggar,ID,2021-08-02 20:01:52,-2.8833,108.2667,80.87,77,100,8.37,overcast clouds,0,0
464,Grants,US,2021-08-02 20:01:54,35.1473,-107.8514,73.63,53,40,3.44,scattered clouds,0,0
465,Mezen,RU,2021-08-02 20:01:55,65.8522,44.24,56.66,96,50,5.48,scattered clouds,0,0
466,Luena,AO,2021-08-02 20:01:57,-11.7833,19.9167,60.37,41,0,2.33,clear sky,0,0
467,Jinhua,CN,2021-08-02 20:01:58,29.1078,119.6547,75.88,96,0,1.7,clear sky,0,0
468,Mangrol,IN,2021-08-02 20:02:00,21.1167,70.1167,81.46,83,96,20.83,overcast clouds,0,0
469,Solikamsk,RU,2021-08-02 20:02:01,59.6196,56.7729,59.25,97,2,2.51,clear sky,0,0
470,Kharagpur,IN,2021-08-02 20:02:02,22.3333,87.3333,82.76,77,100,7.67,overcast clouds,0,0
471,Shentala,RU,2021-08-02 20:02:04,54.45,51.4833,75.43,35,83,3.09,broken clouds,0,0
472,Westport,US,2021-08-02 20:01:02,41.1415,-73.3579,81.99,50,8,4.0,clear sky,0,0
473,West Bay,KY,2021-08-02 20:02:06,19.3667,-81.4167,89.06,73,79,10.09,broken clouds,0,0
474,Batagay-Alyta,RU,2021-08-02 20:02:07,67.8006,130.4114,58.33,45,0,2.48,clear sky,0,0
475,Half Moon Bay,US,2021-08-02 20:02:09,37.4636,-122.4286,88.59,61,20,11.5,few clouds,0,0
476,Bacolod,PH,2021-08-02 20:02:10,10.6667,122.95,79.45,87,100,14.27,overcast clouds,0,0
477,Verkhnyaya Sinyachikha,RU,2021-08-02 20:02:13,57.976,61.6673,59.58,97,100,3.76,moderate rain,0,0
478,Wahiawa,US,2021-08-02 20:02:14,21.5028,-158.0236,77.86,70,75,0.0,broken clouds,0,0
479,Tongling,CN,2021-08-02 20:02:15,30.95,117.7833,76.91,96,18,6.24,few clouds,0,0
480,Knysna,ZA,2021-08-02 20:02:17,-34.0363,23.0471,55.42,89,8,4.38,clear sky,0,0
481,Saint-Pierre,RE,2021-08-02 20:02:18,-21.3393,55.4781,66.29,61,0,6.91,clear sky,0,0
482,Acari,PE,2021-08-02 20:02:20,-15.4311,-74.6158,75.07,52,1,8.3,clear sky,0,0
483,Chifeng,CN,2021-08-02 20:02:22,42.2683,118.9636,64.9,90,94,1.83,overcast clouds,0,0
484,Cermik,TR,2021-08-02 20:02:23,38.1361,39.4493,86.59,25,4,5.03,clear sky,0,0
485,Puri,IN,2021-08-02 20:02:26,19.8,85.85,84.38,74,100,8.97,overcast clouds,0,0
486,Belyy Yar,RU,2021-08-02 20:02:28,53.6039,91.3903,67.89,68,0,4.47,clear sky,0,0
487,Seymchan,RU,2021-08-02 20:02:29,62.8833,152.4333,41.77,67,30,7.63,scattered clouds,0,0
488,Macau,MO,2021-08-02 20:02:31,22.2006,113.5461,86.07,89,40,8.05,light rain,0,0
489,Disna,BY,2021-08-02 20:02:34,55.568,28.1971,56.73,96,78,9.73,broken clouds,0,0
490,Izberbash,RU,2021-08-02 20:02:36,42.5696,47.8645,73.45,45,72,4.7,broken clouds,0,0
491,Garden City,US,2021-08-02 20:02:38,42.3256,-83.331,80.2,47,49,1.01,scattered clouds,0,0
492,Seara,PT,2021-08-02 20:02:39,41.1818,-7.8003,67.71,59,10,4.18,clear sky,0,0
493,Belaya Gora,RU,2021-08-02 20:02:17,68.5333,146.4167,46.09,55,6,5.99,clear sky,0,0
494,High Rock,BS,2021-08-02 20:02:42,26.6208,-78.2833,84.96,70,100,9.01,overcast clouds,0,0
495,Bone,DE,2021-08-02 20:02:44,51.9669,12.1396,64.38,61,23,6.67,few clouds,0,0
496,Chalan,CO,2021-08-02 20:02:46,9.5477,-75.3113,80.83,73,100,3.78,overcast clouds,0,0
497,Krasnoselkup,RU,2021-08-02 20:02:48,65.7,82.4667,60.73,83,98,8.46,overcast clouds,0,0
498,Korop,UA,2021-08-02 20:02:50,51.5664,32.9586,67.17,76,2,8.39,clear sky,0,0
499,Hailey,US,2021-08-02 20:02:52,43.5196,-114.3153,75.06,61,75,10.36,broken clouds,0,0
500,Muncar,ID,2021-08-02 20:02:53,-8.4333,114.3333,75.16,92,98,5.95,light rain,0,0
501,La Ronge,CA,2021-08-02 20:02:55,55.1001,-105.2842,82.31,28,100,1.99,overcast clouds,0,0
502,Kuito,AO,2021-08-02 20:02:56,-12.3833,16.9333,59.32,29,2,2.62,clear sky,0,0
503,Ust-Kalmanka,RU,2021-08-02 20:02:57,52.1207,83.305,63.3,80,45,5.97,scattered clouds,0,0
504,Amapa,BR,2021-08-02 20:02:59,1.0,-52.0,84.16,61,41,2.57,scattered clouds,0,0
505,Turukhansk,RU,2021-08-02 20:03:00,65.8167,87.9833,61.65,79,100,10.02,overcast clouds,0,0
506,Kamina,CD,2021-08-02 20:03:02,-8.7386,24.9906,65.46,33,89,3.65,overcast clouds,0,0
507,Richards Bay,ZA,2021-08-02 20:01:16,-28.783,32.0377,64.98,80,89,5.12,light rain,0,0
508,Mairang,IN,2021-08-02 20:03:07,25.5667,91.6333,62.82,98,100,3.02,light rain,0,0
509,Indianola,US,2021-08-02 19:59:55,41.3581,-93.5574,79.92,55,0,5.64,clear sky,0,0
510,Saint-Louis,SN,2021-08-02 20:03:11,16.3333,-15.0,85.35,62,100,7.83,overcast clouds,0,0
511,Conakry,GN,2021-08-02 20:03:13,9.538,-13.6773,79.21,76,34,12.21,scattered clouds,0,0
512,Mayya,RU,2021-08-02 20:03:15,61.7333,130.2811,58.32,75,100,3.94,overcast clouds,0,0
513,Avera,US,2021-08-02 20:03:16,33.194,-82.5271,94.91,35,11,1.83,few clouds,0,0
514,Lompoc,US,2021-08-02 20:02:31,34.6391,-120.4579,93.02,60,1,16.11,clear sky,0,0
515,Rantepao,ID,2021-08-02 20:03:20,-2.9701,119.8978,66.06,99,67,1.07,broken clouds,0,0
516,Yeppoon,AU,2021-08-02 20:03:21,-23.1333,150.7333,53.38,90,0,5.91,clear sky,0,0
517,Manzhouli,CN,2021-08-02 20:03:23,49.6,117.4333,59.18,74,96,5.26,overcast clouds,0,0
518,Tarauaca,BR,2021-08-02 20:00:09,-8.1614,-70.7656,91.81,25,0,4.54,clear sky,0,0
519,Igarka,RU,2021-08-02 20:03:25,67.4667,86.5833,62.56,71,100,8.72,overcast clouds,0,0
520,Qasigiannguit,GL,2021-08-02 20:03:28,68.8193,-51.1922,55.65,76,90,3.24,overcast clouds,0,0
521,Ambilobe,MG,2021-08-02 20:03:30,-13.2,49.05,67.98,87,11,3.8,few clouds,0,0
522,Huarmey,PE,2021-08-02 20:03:33,-10.0681,-78.1522,69.82,70,2,11.23,clear sky,0,0
523,Mackay,AU,2021-08-02 20:03:34,-21.15,149.2,65.05,82,7,3.51,clear sky,0,0
524,Villanueva De La Serena,ES,2021-08-02 20:03:35,38.9766,-5.7974,82.83,31,0,4.36,clear sky,0,0
525,Beisfjord,NO,2021-08-02 20:03:36,68.3751,17.5988,50.05,96,100,3.4,overcast clouds,0,0
526,Aquiraz,BR,2021-08-02 20:03:37,-3.9014,-38.3911,82.49,64,3,8.25,clear sky,0,0
527,Vila Franca Do Campo,PT,2021-08-02 20:03:39,37.7167,-25.4333,72.01,71,0,7.43,clear sky,0,0
528,Oleksandrivka,UA,2021-08-02 20:03:40,48.9634,32.2349,70.34,88,74,4.12,broken clouds,0,0
529,Valence,ES,2021-08-02 20:03:41,39.4697,-0.3774,79.23,68,20,8.99,few clouds,0,0
530,Quirinopolis,BR,2021-08-02 20:03:42,-18.4483,-50.4517,82.69,28,0,6.08,clear sky,0,0
531,Edd,ER,2021-08-02 20:03:43,13.9297,41.6925,87.8,72,100,6.13,overcast clouds,0,0
532,Basco,PH,2021-08-02 20:03:45,20.4487,121.9702,82.62,87,100,31.74,moderate rain,0,0
533,Vulturu,RO,2021-08-02 20:03:47,45.6167,27.4167,74.71,66,9,11.59,clear sky,0,0
534,Shelburne,CA,2021-08-02 20:00:18,44.0787,-80.2041,74.86,34,41,10.16,scattered clouds,0,0
535,Christchurch,NZ,2021-08-02 20:00:40,-43.5333,172.6333,46.99,85,75,8.01,moderate rain,0,0
536,Bognor Regis,GB,2021-08-02 20:03:53,50.7821,-0.6798,61.48,85,100,4.72,overcast clouds,0,0
537,Pacific Grove,US,2021-08-02 20:03:54,36.6177,-121.9166,86.61,71,1,5.99,clear sky,0,0
538,San Patricio,US,2021-08-02 20:03:55,28.017,-97.5169,98.69,33,11,2.46,few clouds,0,0
539,Bakal,RU,2021-08-02 20:03:57,54.9417,58.8083,61.2,79,100,4.5,overcast clouds,0,0
540,Los Llanos De Aridane,ES,2021-08-02 20:03:59,28.6585,-17.9182,71.35,85,20,18.41,few clouds,0,0
541,Pleshanovo,RU,2021-08-02 20:04:00,52.8333,53.4833,74.93,42,7,6.13,clear sky,0,0
542,Lusambo,CD,2021-08-02 19:59:11,-4.9667,23.45,73.53,37,31,2.21,scattered clouds,0,0
543,Eyl,SO,2021-08-02 20:04:03,7.9803,49.8164,79.7,66,79,26.11,broken clouds,0,0
544,Wasilla,US,2021-08-02 20:04:04,61.5814,-149.4394,74.52,52,1,0.0,clear sky,0,0
545,Olden,NO,2021-08-02 20:04:05,61.8364,6.8064,59.74,81,27,6.51,scattered clouds,0,0
546,Praya,CV,2021-08-02 20:00:27,14.9215,-23.5087,77.4,80,23,8.01,few clouds,0,0
547,Wegorzewo,PL,2021-08-02 20:04:08,54.2157,21.7372,55.74,82,16,7.92,few clouds,0,0
548,Tombouctou,ML,2021-08-02 20:04:09,20.0,-3.0,99.21,27,8,9.26,clear sky,0,0
549,Bartoszyce,PL,2021-08-02 20:04:10,54.2535,20.8082,56.68,73,10,9.1,clear sky,0,0
550,Baton Rouge,US,2021-08-02 20:00:21,30.4508,-91.1545,84.87,82,20,3.44,few clouds,0,0
551,Kyra,RU,2021-08-02 20:04:14,49.5776,111.9753,55.04,89,49,2.48,scattered clouds,0,0
552,Opotiki,NZ,2021-08-02 20:04:16,-38.0833,177.2833,49.39,94,99,4.81,overcast clouds,0,0
553,Malia,GR,2021-08-02 20:04:18,35.2833,25.4667,87.66,49,0,7.47,clear sky,0,0
554,Santa Maria,BR,2021-08-02 20:04:21,-29.6842,-53.8069,59.86,63,0,3.06,clear sky,0,0
555,Dali,CN,2021-08-02 20:04:23,25.7,100.1833,62.78,84,0,0.11,clear sky,0,0
556,Ust-Nera,RU,2021-08-02 20:04:24,64.5667,143.2,51.85,54,0,4.41,clear sky,0,0
557,Listvyanskiy,RU,2021-08-02 20:04:25,54.4399,83.4984,60.19,92,8,7.67,clear sky,0,0
558,Yangjiang,CN,2021-08-02 20:04:28,21.85,111.9667,78.4,91,99,6.22,overcast clouds,0,0
559,San Vicente,AR,2021-08-02 20:04:29,-26.6167,-54.1333,64.99,38,0,4.12,clear sky,0,0
560,Langsa,ID,2021-08-02 20:00:05,4.4683,97.9683,74.25,95,96,2.26,overcast clouds,0,0
561,Lukovetskiy,RU,2021-08-02 20:04:32,64.2956,41.9211,58.98,87,100,3.22,overcast clouds,0,0
562,Kavaratti,IN,2021-08-02 20:04:33,10.5669,72.642,82.29,74,100,14.23,overcast clouds,0,0
563,Jambi,ID,2021-08-02 20:04:35,-1.6,103.6167,73.54,97,100,2.55,overcast clouds,0,0
564,Padang,ID,2021-08-02 20:03:07,-0.9492,100.3543,76.5,85,100,3.51,overcast clouds,0,0
565,Yaypan,UZ,2021-08-02 20:04:37,40.3758,70.8156,82.78,32,100,1.45,overcast clouds,0,0
566,Ulaangom,MN,2021-08-02 20:02:48,49.9811,92.0667,60.71,46,1,2.24,clear sky,0,0
567,George Town,MY,2021-08-02 20:04:40,5.4112,100.3354,82.89,83,20,0.0,few clouds,0,0
568,Aksarka,RU,2021-08-02 20:04:42,66.5606,67.7975,56.48,76,100,4.68,overcast clouds,0,0
569,Fare,PF,2021-08-02 20:04:43,-16.7,-151.0167,79.92,67,87,13.06,overcast clouds,0,0
570,Halifax,CA,2021-08-02 20:04:44,44.6453,-63.5724,62.1,92,100,10.0,overcast clouds,0,0
571,Talnakh,RU,2021-08-02 20:04:46,69.4865,88.3972,65.25,53,100,4.29,overcast clouds,0,0
572,Dabeiba,CO,2021-08-02 20:04:48,7.0017,-76.2672,79.83,92,86,3.89,moderate rain,0,0
573,Tarui,JP,2021-08-02 20:04:50,35.3667,136.5333,80.29,100,100,6.58,moderate rain,0,0
574,Nikolsk,RU,2021-08-02 20:04:52,53.7189,46.0712,72.05,59,51,8.08,broken clouds,0,0
575,Ukiah,US,2021-08-02 20:04:54,39.1502,-123.2078,99.45,28,1,5.75,clear sky,0,0
576,Isla Mujeres,MX,2021-08-02 20:04:56,21.2311,-86.731,89.65,68,90,9.35,overcast clouds,0,0
577,Keffi,NG,2021-08-02 20:04:57,8.8486,7.8736,72.37,93,100,4.23,light rain,0,0
578,Grindavik,IS,2021-08-02 20:05:00,63.8424,-22.4338,54.07,82,75,8.05,broken clouds,0,0
579,Qidong,CN,2021-08-02 20:05:01,31.8128,121.6561,85.03,92,0,11.92,light rain,0,0
580,Sembe,CG,2021-08-02 20:05:03,1.6481,14.5806,71.28,96,100,1.92,light rain,0,0
581,Makarov,RU,2021-08-02 20:05:04,48.6333,142.8,58.69,83,9,4.23,clear sky,0,0
582,Galesong,ID,2021-08-02 20:05:05,-5.3166,119.3661,71.62,75,12,4.52,few clouds,0,0
583,Tobol,KZ,2021-08-02 20:05:07,52.6844,62.5794,69.37,58,41,6.2,scattered clouds,0,0
584,Mlonggo,ID,2021-08-02 20:05:09,-6.5333,110.7,76.95,81,63,6.69,broken clouds,0,0
585,Jacksonville,US,2021-08-02 20:05:11,30.3322,-81.6556,92.03,74,75,9.22,thunderstorm,0,0
586,Waingapu,ID,2021-08-02 20:05:12,-9.6567,120.2641,74.73,87,47,7.9,scattered clouds,0,0
587,Tommot,RU,2021-08-02 20:05:13,58.9564,126.2925,53.26,93,53,4.07,broken clouds,0,0
588,Biltine,TD,2021-08-02 20:05:15,14.5333,20.9167,81.5,68,93,8.23,overcast clouds,0,0
589,Esil,KZ,2021-08-02 20:05:16,51.9556,66.4042,71.4,48,58,5.41,broken clouds,0,0
590,Ewo,CG,2021-08-02 20:05:18,-0.8725,14.8206,79.52,60,48,4.23,scattered clouds,0,0
591,Ha Giang,VN,2021-08-02 20:05:19,22.8333,104.9833,75.0,96,26,3.89,scattered clouds,0,0
592,Rundu,NA,2021-08-02 20:05:20,-17.9333,19.7667,60.42,33,0,5.53,clear sky,0,0
593,Coahuayana,MX,2021-08-02 20:05:22,18.7333,-103.6833,92.68,56,99,6.42,overcast clouds,0,0
594,Namtsy,RU,2021-08-02 20:05:23,62.7161,129.6658,59.11,70,96,4.07,overcast clouds,0,0
595,Ranfurly,NZ,2021-08-02 20:05:24,-45.1333,170.1,39.65,83,100,11.86,overcast clouds,0,0
596,Ongandjera,NA,2021-08-02 20:05:26,-17.8833,15.0667,66.6,26,0,10.02,clear sky,0,0
597,Kamaishi,JP,2021-08-02 20:05:28,39.2667,141.8833,74.98,98,96,9.01,overcast clouds,0,0
598,Sonoita,MX,2021-08-02 20:05:30,31.85,-112.8333,105.53,23,3,3.94,clear sky,0,0
599,Kontagora,NG,2021-08-02 20:05:31,10.3999,5.4695,71.89,95,100,2.19,overcast clouds,0,0
600,Deoria,IN,2021-08-02 20:05:33,26.5047,83.7872,80.85,85,100,5.53,overcast clouds,0,0
601,Mandera,KE,2021-08-02 20:05:35,3.9366,41.867,80.83,52,90,18.23,overcast clouds,0,0
602,Komatipoort,ZA,2021-08-02 20:03:06,-25.4332,31.9548,62.35,85,0,5.7,clear sky,0,0
603,Xuddur,SO,2021-08-02 20:05:37,4.1213,43.8894,74.26,63,83,17.98,broken clouds,0,0
604,Northam,GB,2021-08-02 20:05:38,51.0333,-4.2167,61.39,86,48,9.93,scattered clouds,0,0
605,Kupang,ID,2021-08-02 20:01:09,-10.1667,123.5833,74.98,88,96,8.72,overcast clouds,0,0
606,Lufilufi,WS,2021-08-02 20:05:40,-13.8745,-171.5986,76.78,70,93,11.63,overcast clouds,0,0
607,Auki,SB,2021-08-02 20:05:41,-8.7676,160.7034,74.53,88,43,5.97,scattered clouds,0,0
608,Phan Thiet,VN,2021-08-02 20:00:54,10.9333,108.1,76.48,92,100,9.24,overcast clouds,0,0
609,Kunming,CN,2021-08-02 20:05:43,25.0389,102.7183,63.21,81,1,4.21,clear sky,0,0
610,Tocopilla,CL,2021-08-02 20:05:46,-22.092,-70.1979,66.87,61,100,4.61,overcast clouds,0,0
611,Coruripe,BR,2021-08-02 20:05:48,-10.1256,-36.1756,73.56,84,14,13.2,light rain,0,0
612,Kirya,TZ,2021-08-02 20:05:50,-3.9167,37.4833,69.85,62,18,7.94,few clouds,0,0
613,Cilegon,ID,2021-08-02 20:05:51,-6.0174,106.0538,76.89,85,66,2.8,broken clouds,0,0
614,Madoc,CA,2021-08-02 20:05:52,44.5084,-77.4745,77.95,32,5,7.63,clear sky,0,0
615,Sydney,AU,2021-08-02 20:05:53,-33.8679,151.2073,55.26,93,75,7.0,broken clouds,0,0
616,North Bend,US,2021-08-02 20:05:54,43.4065,-124.2243,65.16,88,1,17.27,mist,0,0
617,Salinopolis,BR,2021-08-02 20:05:55,-0.6136,-47.3561,80.06,75,86,8.55,overcast clouds,0,0
618,Mananjary,MG,2021-08-02 20:05:58,-21.2167,48.3333,65.88,92,9,7.58,clear sky,0,0
619,Key West,US,2021-08-02 20:04:56,24.5557,-81.7826,91.4,62,1,8.05,clear sky,0,0
620,Broken Hill,AU,2021-08-02 20:06:00,-31.95,141.4333,42.46,87,0,16.46,clear sky,0,0
621,Cessnock,AU,2021-08-02 20:06:01,-32.8333,151.35,57.22,98,57,4.05,broken clouds,0,0
622,Houma,US,2021-08-02 20:06:02,29.5958,-90.7195,88.0,75,99,1.99,overcast clouds,0,0
623,Inuvik,CA,2021-08-02 20:06:03,68.3499,-133.7218,64.44,59,59,12.77,broken clouds,0,0
624,Doka,SD,2021-08-02 20:06:04,13.5167,35.7667,74.05,83,100,9.31,overcast clouds,0,0
625,Cairns,AU,2021-08-02 20:06:06,-16.9167,145.7667,69.75,68,90,4.61,overcast clouds,0,0
626,Raton,US,2021-08-02 20:06:07,36.9034,-104.4391,77.07,51,20,8.05,few clouds,0,0
627,Coquimbo,CL,2021-08-02 20:05:51,-29.9533,-71.3436,60.53,67,0,10.36,clear sky,0,0
628,Mocuba,MZ,2021-08-02 20:06:09,-16.8392,36.9856,58.26,82,0,1.79,clear sky,0,0
629,San Policarpo,PH,2021-08-02 20:06:10,12.1791,125.5072,82.02,77,100,9.73,overcast clouds,0,0
630,Opuwo,NA,2021-08-02 20:06:12,-18.0607,13.84,64.78,29,0,5.08,clear sky,0,0
631,Peleduy,RU,2021-08-02 20:06:13,59.6289,112.7406,56.8,97,92,0.04,overcast clouds,0,0
632,Sokoto,NG,2021-08-02 20:06:15,13.0609,5.239,77.63,80,100,7.11,light rain,0,0
633,Linqiong,CN,2021-08-02 20:06:17,30.4159,103.4609,75.51,64,2,4.45,clear sky,0,0
634,Eshowe,ZA,2021-08-02 20:06:18,-28.8865,31.4699,57.15,89,98,1.54,light rain,0,0
635,Pontianak,ID,2021-08-02 20:06:19,-0.0333,109.3333,76.98,88,90,3.44,overcast clouds,0,0
636,Fort Morgan,US,2021-08-02 20:06:23,40.2503,-103.8,90.81,16,1,5.75,clear sky,0,0
637,Roblin,CA,2021-08-02 20:06:24,51.23,-101.3565,91.2,17,100,8.19,overcast clouds,0,0
638,Praia Da Vitoria,PT,2021-08-02 20:06:25,38.7333,-27.0667,77.76,79,17,7.52,few clouds,0,0
639,Panjakent,TJ,2021-08-02 20:06:11,39.4952,67.6093,76.8,36,26,8.39,scattered clouds,0,0
640,Lumeje,AO,2021-08-02 20:06:27,-11.55,20.7833,65.57,36,40,3.71,scattered clouds,0,0
641,Moree,AU,2021-08-02 20:06:29,-29.4667,149.85,59.02,94,40,13.8,scattered clouds,0,0
642,Sokoni,TZ,2021-08-02 20:06:30,-6.4333,39.55,75.61,76,86,14.67,overcast clouds,0,0
643,Verkhoyansk,RU,2021-08-02 20:06:31,67.5447,133.385,58.5,47,3,3.78,clear sky,0,0
644,Miyako,JP,2021-08-02 20:06:32,39.6367,141.9525,74.62,93,100,6.85,overcast clouds,0,0
645,Beringovskiy,RU,2021-08-02 20:06:33,63.05,179.3167,44.47,95,100,19.06,moderate rain,0,0
646,Bakchar,RU,2021-08-02 20:06:35,57.0186,82.0711,56.43,96,100,3.04,overcast clouds,0,0
647,Fevik,NO,2021-08-02 20:06:36,58.3794,8.6766,60.62,81,12,6.46,few clouds,0,0
648,Plettenberg Bay,ZA,2021-08-02 20:06:37,-34.0527,23.3716,55.99,86,6,3.91,clear sky,0,0
649,Baiquan,CN,2021-08-02 20:06:38,47.5833,126.0833,63.91,99,100,8.77,light rain,0,0
650,Mihara,JP,2021-08-02 20:06:40,34.4,133.0833,76.44,80,22,2.01,few clouds,0,0
651,College,US,2021-08-02 20:06:41,64.8569,-147.8028,80.58,54,20,4.61,few clouds,0,0
652,Namatanai,PG,2021-08-02 20:06:43,-3.6667,152.4333,78.31,83,25,6.46,scattered clouds,0,0
653,Rio Gallegos,AR,2021-08-02 20:06:44,-51.6226,-69.2181,51.85,32,0,27.63,clear sky,0,0
654,Zheshart,RU,2021-08-02 20:06:45,62.0731,49.5733,57.69,93,83,1.92,broken clouds,0,0
655,Savannah Bight,HN,2021-08-02 20:06:46,16.45,-85.85,87.01,76,9,17.0,clear sky,0,0
656,Mecca,SA,2021-08-02 20:02:38,21.4267,39.8261,90.46,40,35,6.33,scattered clouds,0,0
657,Iringa,TZ,2021-08-02 20:06:49,-7.7667,35.7,52.3,84,17,6.85,few clouds,0,0
658,Bayonet Point,US,2021-08-02 20:06:50,28.3267,-82.6834,93.04,75,100,4.0,overcast clouds,0,0
659,Pechora,RU,2021-08-02 20:06:52,65.1472,57.2244,56.32,93,97,3.91,overcast clouds,0,0
660,Bandiagara,ML,2021-08-02 20:06:53,14.3501,-3.6104,88.86,44,87,12.91,overcast clouds,0,0
661,Ust-Ilimsk,RU,2021-08-02 20:06:55,58.0006,102.6619,57.34,73,100,2.26,overcast clouds,0,0
662,Zaraza,VE,2021-08-02 20:06:56,9.3503,-65.3245,73.26,97,100,4.29,overcast clouds,0,0
663,Mata,PT,2021-08-02 20:06:57,40.683,-7.4592,69.93,62,20,4.45,few clouds,0,0
664,Port Moresby,PG,2021-08-02 20:06:58,-9.4431,147.1797,73.53,80,92,5.41,overcast clouds,0,0
665,Mulege,MX,2021-08-02 20:07:00,26.8833,-111.9833,96.64,44,84,9.04,broken clouds,0,0
666,Sampit,ID,2021-08-02 20:07:01,-2.5333,112.95,75.24,95,100,0.45,overcast clouds,0,0
667,Bayshore Gardens,US,2021-08-02 20:07:02,27.4253,-82.5904,94.26,58,1,11.5,clear sky,0,0
668,Ormara,PK,2021-08-02 20:06:55,25.2088,64.6357,81.37,81,98,13.8,overcast clouds,0,0
669,Requena,ES,2021-08-02 20:07:04,39.4883,-1.1004,70.14,69,37,7.36,scattered clouds,0,0
670,Dmytrivka,UA,2021-08-02 20:07:06,45.9717,28.9864,72.59,80,32,13.42,scattered clouds,0,0
671,Hyeres,FR,2021-08-02 20:07:07,43.1167,6.1167,78.08,55,3,14.97,clear sky,0,0
672,Vibo Valentia,IT,2021-08-02 20:07:08,38.6996,16.1274,78.13,75,5,2.33,clear sky,0,0
673,Ekhabi,RU,2021-08-02 20:07:10,53.5102,142.9671,54.81,86,100,11.36,overcast clouds,0,0
674,Kerema,PG,2021-08-02 20:07:12,-7.9631,145.7785,75.33,90,100,1.59,overcast clouds,0,0
675,Erenhot,CN,2021-08-02 20:07:13,43.6475,111.9767,73.08,41,100,7.96,overcast clouds,0,0
676,Maebaru,JP,2021-08-02 20:07:14,33.55,130.2,80.76,90,93,0.74,overcast clouds,0,0
677,Demyansk,RU,2021-08-02 20:07:16,57.643,32.466,62.46,97,74,15.73,light rain,0,0
678,Saryozek,KZ,2021-08-02 20:07:18,44.3583,77.9753,67.41,26,79,1.16,broken clouds,0,0
679,Ushtobe,KZ,2021-08-02 20:07:19,45.2514,77.9838,76.17,20,100,6.17,overcast clouds,0,0
680,Molochnoye,RU,2021-08-02 20:07:20,59.2917,39.6787,66.56,94,100,12.26,moderate rain,0,0
681,Taft,IR,2021-08-02 20:07:04,31.7471,54.2088,84.15,14,20,6.91,few clouds,0,0
682,Resistencia,AR,2021-08-02 20:07:23,-27.4606,-58.9839,73.09,33,0,8.05,clear sky,0,0
683,Lethem,GY,2021-08-02 20:07:25,3.3803,-59.7968,79.48,80,98,2.46,overcast clouds,0,0
684,Ninh Binh,VN,2021-08-02 20:07:26,20.2539,105.975,77.65,88,98,3.76,overcast clouds,0,0
685,Dunedin,NZ,2021-08-02 20:07:27,-45.8742,170.5036,45.81,71,100,21.0,overcast clouds,0,0
686,Goure,NE,2021-08-02 20:07:28,13.9835,10.2704,83.17,60,45,9.24,scattered clouds,0,0
687,Saint-Augustin,CA,2021-08-02 20:07:30,51.226,-58.6502,63.81,71,92,17.0,overcast clouds,0,0
